{"cameraMode":{"drawMode":0,"name":"Shaded","section":"Shading Mode"},"sceneLighting":false,"audioPlay":false,"sceneViewState":{"m_AlwaysRefresh":false,"showFog":true,"showSkybox":false,"showFlares":true,"showImageEffects":true,"showParticleSystems":true,"showVisualEffectGraphs":true,"m_FxEnabled":true},"in2DMode":false,"pivot":{"x":-0.9087589979171753,"y":-0.27546727657318118,"z":-1.7970311641693116},"rotation":{"x":-0.02148241549730301,"y":0.9555752277374268,"z":-0.2864803969860077,"w":-0.06965168565511704},"size":2.9169914722442629,"orthographic":false}