{"cameraMode":{"drawMode":0,"name":"Shaded","section":"Shading Mode"},"sceneLighting":false,"audioPlay":false,"sceneViewState":{"m_AlwaysRefresh":false,"showFog":true,"showSkybox":false,"showFlares":true,"showImageEffects":true,"showParticleSystems":true,"showVisualEffectGraphs":true,"m_FxEnabled":true},"in2DMode":false,"pivot":{"x":-0.002572298049926758,"y":0.90916907787323,"z":0.21200957894325257},"rotation":{"x":0.20866018533706666,"y":-0.03994619473814964,"z":0.008161157369613648,"w":0.977394700050354},"size":1.7289503812789918,"orthographic":false}