{"cameraMode":{"drawMode":0,"name":"Shaded","section":"Shading Mode"},"sceneLighting":true,"audioPlay":false,"sceneViewState":{"m_AlwaysRefresh":true,"showFog":true,"showSkybox":true,"showFlares":true,"showImageEffects":true,"showParticleSystems":true,"showVisualEffectGraphs":true,"m_FxEnabled":true},"in2DMode":false,"pivot":{"x":-1.625856637954712,"y":2.9106271266937258,"z":-1.6398811340332032},"rotation":{"x":-0.005099294241517782,"y":0.9936546683311462,"z":-0.10051102191209793,"w":-0.05042090266942978},"size":9.720202445983887,"orthographic":false}