{"cameraMode":{"drawMode":0,"name":"Shaded","section":"Shading Mode"},"sceneLighting":false,"audioPlay":false,"sceneViewState":{"m_AlwaysRefresh":false,"showFog":true,"showSkybox":false,"showFlares":true,"showImageEffects":true,"showParticleSystems":true,"showVisualEffectGraphs":true,"m_FxEnabled":true},"in2DMode":false,"pivot":{"x":61.64036560058594,"y":18.806095123291017,"z":18.849130630493165},"rotation":{"x":-0.3300321698188782,"y":0.01633857563138008,"z":-0.005979466252028942,"w":-0.9440625309944153},"size":23.527145385742189,"orthographic":false}