{"cameraMode":{"drawMode":0,"name":"Shaded","section":"Shading Mode"},"sceneLighting":false,"audioPlay":false,"sceneViewState":{"m_AlwaysRefresh":false,"showFog":true,"showSkybox":false,"showFlares":true,"showImageEffects":true,"showParticleSystems":true,"showVisualEffectGraphs":true,"m_FxEnabled":true},"in2DMode":false,"pivot":{"x":3.4600000381469728,"y":15.050000190734864,"z":23.8700008392334},"rotation":{"x":0.031178807839751245,"y":-0.031199133023619653,"z":-0.0007556350901722908,"w":-0.9991469979286194},"size":2.666025161743164,"orthographic":false}