{"cameraMode":{"drawMode":0,"name":"Shaded","section":"Shading Mode"},"sceneLighting":false,"audioPlay":false,"sceneViewState":{"m_AlwaysRefresh":false,"showFog":true,"showSkybox":false,"showFlares":true,"showImageEffects":true,"showParticleSystems":true,"showVisualEffectGraphs":true,"m_FxEnabled":true},"in2DMode":false,"pivot":{"x":5.960464477539063e-7,"y":0.9401887655258179,"z":-0.0000706017017364502},"rotation":{"x":-0.37644121050834658,"y":-0.002067897003144026,"z":0.0014310488477349282,"w":-0.9268108010292053},"size":5.246894359588623,"orthographic":false}