{"cameraMode":{"drawMode":0,"name":"Shaded","section":"Shading Mode"},"sceneLighting":false,"audioPlay":false,"sceneViewState":{"m_AlwaysRefresh":false,"showFog":true,"showSkybox":true,"showFlares":true,"showImageEffects":true,"showParticleSystems":true,"showVisualEffectGraphs":true,"m_FxEnabled":true},"in2DMode":false,"pivot":{"x":62.33745193481445,"y":15.937440872192383,"z":23.780174255371095},"rotation":{"x":-0.07224934548139572,"y":0.8637629151344299,"z":-0.12782953679561616,"w":-0.48274970054626467},"size":2.0660252571105959,"orthographic":false}