{"cameraMode":{"drawMode":0,"name":"Shaded","section":"Shading Mode"},"sceneLighting":false,"audioPlay":false,"sceneViewState":{"m_AlwaysRefresh":false,"showFog":true,"showSkybox":true,"showFlares":true,"showImageEffects":true,"showParticleSystems":true,"showVisualEffectGraphs":true,"m_FxEnabled":true},"in2DMode":false,"pivot":{"x":75.0999984741211,"y":30.479999542236329,"z":-4.030000686645508},"rotation":{"x":0.3230113983154297,"y":0.0002469309838488698,"z":0.0006999854231253266,"w":0.9467034339904785},"size":-1.122678279876709,"orthographic":false}